{
    "providers": [
        {
            "type": "bitmap",
            "file": "minecraft:ranks/member-seav.png",
            "ascent": 7,
            "height": 7,
            "chars": [
                ""
            ]
        },
        {
            "type": "bitmap",
            "file": "minecraft:ranks/media-seav.png",
            "ascent": 7,
            "height": 7,
            "chars": [
                ""
            ]
        },
        {
            "type": "bitmap",
            "file": "minecraft:ranks/manager-seav.png",
            "ascent": 7,
            "height": 7,
            "chars": [
                ""
            ]
        },
        {
            "type": "bitmap",
            "file": "minecraft:ranks/helper-seav.png",
            "ascent": 7,
            "height": 7,
            "chars": [
                ""
            ]
        },
        {
            "type": "bitmap",
            "file": "minecraft:ranks/mvp-seav.png",
            "ascent": 7,
            "height": 7,
            "chars": [
                ""
            ]
        },
        {
            "type": "bitmap",
            "file": "minecraft:ranks/mvpplus-seav.png",
            "ascent": 7,
            "height": 7,
            "chars": [
                ""
            ]
        },
        {
            "type": "bitmap",
            "file": "minecraft:ranks/mvpplusplus-seav.png",
            "ascent": 7,
            "height": 7,
            "chars": [
                ""
            ]
        },
        {
            "type": "bitmap",
            "file": "minecraft:ranks/mod-seav.png",
            "ascent": 7,
            "height": 7,
            "chars": [
                ""
            ]
        },
        {
            "type": "bitmap",
            "file": "minecraft:ranks/noob-seav.png",
            "ascent": 7,
            "height": 7,
            "chars": [
                ""
            ]
        },
        {
            "type": "bitmap",
            "file": "minecraft:ranks/owner-seav.png",
            "ascent": 7,
            "height": 7,
            "chars": [
                ""
            ]
        },
        {
            "type": "bitmap",
            "file": "minecraft:ranks/admin-seav.png",
            "ascent": 7,
            "height": 7,
            "chars": [
                ""
            ]
        },
        {
            "type": "bitmap",
            "file": "minecraft:ranks/pro-seav.png",
            "ascent": 7,
            "height": 7,
            "chars": [
                ""
            ]
        },
        {
            "type": "bitmap",
            "file": "minecraft:ranks/twitch-seav.png",
            "ascent": 7,
            "height": 7,
            "chars": [
                ""
            ]
        },
        {
            "type": "bitmap",
            "file": "minecraft:ranks/null.png",
            "ascent": 7,
            "height": 7,
            "chars": [
                ""
            ]
        },
        {
            "type": "bitmap",
            "file": "minecraft:ranks/null.png",
            "ascent": 7,
            "height": 7,
            "chars": [
                ""
            ]
        },
        {
            "type": "bitmap",
            "file": "minecraft:ranks/null.png",
            "ascent": 7,
            "height": 7,
            "chars": [
                ""
            ]
        },
        {
            "type": "bitmap",
            "file": "minecraft:ranks/null.png",
            "ascent": 7,
            "height": 7,
            "chars": [
                ""
            ]
        },
        {
            "type": "bitmap",
            "file": "minecraft:ranks/null.png",
            "ascent": 7,
            "height": 7,
            "chars": [
                ""
            ]
        },
        {
            "type": "bitmap",
            "file": "minecraft:ranks/null.png",
            "ascent": 7,
            "height": 7,
            "chars": [
                ""
            ]
        },
        {
            "type": "bitmap",
            "file": "minecraft:ranks/null.png",
            "ascent": 7,
            "height": 7,
            "chars": [
                ""
            ]
        },
        {
            "type": "bitmap",
            "file": "minecraft:ranks/null.png",
            "ascent": 7,
            "height": 7,
            "chars": [
                ""
            ]
        },
        {
            "type": "bitmap",
            "file": "minecraft:ranks/null.png",
            "ascent": 7,
            "height": 7,
            "chars": [
                ""
            ]
        },
        {
            "type": "bitmap",
            "file": "minecraft:ranks/null.png",
            "ascent": 7,
            "height": 7,
            "chars": [
                ""
            ]
        },
        {
            "type": "bitmap",
            "file": "minecraft:ranks/null.png",
            "ascent": 7,
            "height": 7,
            "chars": [
                ""
            ]
        },
        {
            "type": "bitmap",
            "file": "minecraft:ranks/null.png",
            "ascent": 7,
            "height": 7,
            "chars": [
                ""
            ]
        },
        {
            "type": "bitmap",
            "file": "minecraft:ranks/null.png",
            "ascent": 7,
            "height": 7,
            "chars": [
                ""
            ]
        },
        {
            "type": "bitmap",
            "file": "minecraft:ranks/null.png",
            "ascent": 7,
            "height": 7,
            "chars": [
                ""
            ]
        },
        {
            "type": "bitmap",
            "file": "minecraft:ranks/null.png",
            "ascent": 7,
            "height": 7,
            "chars": [
                ""
            ]
        },
        {
            "type": "bitmap",
            "file": "minecraft:ranks/null.png",
            "ascent": 7,
            "height": 7,
            "chars": [
                ""
            ]
        },
        {
            "type": "bitmap",
            "file": "minecraft:ranks/null.png",
            "ascent": 7,
            "height": 7,
            "chars": [
                ""
            ]
        },
        {
            "type": "bitmap",
            "file": "minecraft:ranks/null.png",
            "ascent": 7,
            "height": 7,
            "chars": [
                ""
            ]
        },
        {
            "type": "bitmap",
            "file": "minecraft:ranks/null.png",
            "ascent": 7,
            "height": 7,
            "chars": [
                ""
            ]
        },
        {
            "type": "bitmap",
            "file": "minecraft:ranks/null.png",
            "ascent": 7,
            "height": 7,
            "chars": [
                ""
            ]
        },
        {
            "type": "bitmap",
            "file": "minecraft:ranks/null.png",
            "ascent": 7,
            "height": 7,
            "chars": [
                ""
            ]
        },
        {
            "type": "bitmap",
            "file": "minecraft:ranks/null.png",
            "ascent": 7,
            "height": 7,
            "chars": [
                ""
            ]
        },
        {
            "type": "bitmap",
            "file": "minecraft:ranks/null.png",
            "ascent": 7,
            "height": 7,
            "chars": [
                ""
            ]
        },
        {
            "type": "bitmap",
            "file": "minecraft:ranks/null.png",
            "ascent": 7,
            "height": 7,
            "chars": [
                ""
            ]
        },
        {
            "type": "bitmap",
            "file": "minecraft:ranks/null.png",
            "ascent": 7,
            "height": 7,
            "chars": [
                ""
            ]
        },
        {
            "type": "bitmap",
            "file": "minecraft:ranks/null.png",
            "ascent": 7,
            "height": 7,
            "chars": [
                ""
            ]
        },
        {
            "type": "bitmap",
            "file": "minecraft:ranks/null.png",
            "ascent": 7,
            "height": 7,
            "chars": [
                ""
            ]
        },
        {
            "type": "bitmap",
            "file": "minecraft:ranks/null.png",
            "ascent": 7,
            "height": 7,
            "chars": [
                ""
            ]
        },
        {
            "type": "bitmap",
            "file": "minecraft:ranks/null.png",
            "ascent": 7,
            "height": 7,
            "chars": [
                ""
            ]
        },
        {
            "type": "bitmap",
            "file": "minecraft:ranks/null.png",
            "ascent": 7,
            "height": 7,
            "chars": [
                ""
            ]
        },
        {
            "type": "bitmap",
            "file": "minecraft:ranks/null.png",
            "ascent": 7,
            "height": 7,
            "chars": [
                ""
            ]
        },
        {
            "type": "bitmap",
            "file": "minecraft:ranks/null.png",
            "ascent": 7,
            "height": 7,
            "chars": [
                ""
            ]
        },
        {
            "type": "bitmap",
            "file": "minecraft:ranks/null.png",
            "ascent": 7,
            "height": 7,
            "chars": [
                ""
            ]
        },
        {
            "type": "bitmap",
            "file": "minecraft:ranks/null.png",
            "ascent": 7,
            "height": 7,
            "chars": [
                ""
            ]
        },
        {
            "type": "bitmap",
            "file": "minecraft:ranks/null.png",
            "ascent": 7,
            "height": 7,
            "chars": [
                ""
            ]
        },
        {
            "type": "bitmap",
            "file": "minecraft:ranks/null.png",
            "ascent": 7,
            "height": 7,
            "chars": [
                ""
            ]
        },
        {
            "type": "bitmap",
            "file": "minecraft:ranks/null.png",
            "ascent": 7,
            "height": 7,
            "chars": [
                ""
            ]
        },
        {
            "type": "bitmap",
            "file": "minecraft:ranks/null.png",
            "ascent": 7,
            "height": 7,
            "chars": [
                ""
            ]
        },
        {
            "type": "bitmap",
            "file": "minecraft:ranks/null.png",
            "ascent": 7,
            "height": 7,
            "chars": [
                ""
            ]
        },
        {
            "type": "bitmap",
            "file": "minecraft:ranks/null.png",
            "ascent": 7,
            "height": 7,
            "chars": [
                ""
            ]
        },
        {
            "type": "bitmap",
            "file": "minecraft:ranks/null.png",
            "ascent": 7,
            "height": 7,
            "chars": [
                ""
            ]
        },
        {
            "type": "bitmap",
            "file": "minecraft:ranks/null.png",
            "ascent": 7,
            "height": 7,
            "chars": [
                ""
            ]
        },
        {
            "type": "bitmap",
            "file": "minecraft:ranks/null.png",
            "ascent": 7,
            "height": 7,
            "chars": [
                ""
            ]
        },
        {
            "type": "bitmap",
            "file": "minecraft:ranks/null.png",
            "ascent": 7,
            "height": 7,
            "chars": [
                ""
            ]
        },
        {
            "type": "bitmap",
            "file": "minecraft:ranks/null.png",
            "ascent": 7,
            "height": 7,
            "chars": [
                ""
            ]
        },
        {
            "type": "bitmap",
            "file": "minecraft:ranks/null.png",
            "ascent": 7,
            "height": 7,
            "chars": [
                ""
            ]
        },
        {
            "type": "bitmap",
            "file": "minecraft:ranks/null.png",
            "ascent": 7,
            "height": 7,
            "chars": [
                ""
            ]
        },
        {
            "type": "bitmap",
            "file": "minecraft:ranks/null.png",
            "ascent": 7,
            "height": 7,
            "chars": [
                ""
            ]
        },
        {
            "type": "bitmap",
            "file": "minecraft:ranks/null.png",
            "ascent": 7,
            "height": 7,
            "chars": [
                ""
            ]
        },
        {
            "type": "bitmap",
            "file": "minecraft:ranks/null.png",
            "ascent": 7,
            "height": 7,
            "chars": [
                ""
            ]
        },
        {
            "type": "bitmap",
            "file": "minecraft:ranks/null.png",
            "ascent": 7,
            "height": 7,
            "chars": [
                ""
            ]
        }
    ]
}